<?xml version="1.0" encoding="UTF-8"?>
<beans:beans xmlns="http://www.springframework.org/schema/mvc"
	xmlns:xsi="http://www.w3.org/2001/XMLSchema-instance"
	xmlns:beans="http://www.springframework.org/schema/beans"
	xmlns:context="http://www.springframework.org/schema/context"
	xsi:schemaLocation="http://www.springframework.org/schema/mvc https://www.springframework.org/schema/mvc/spring-mvc.xsd
		http://www.springframework.org/schema/beans https://www.springframework.org/schema/beans/spring-beans.xsd
		http://www.springframework.org/schema/context https://www.springframework.org/schema/context/spring-context.xsd">
	
	<beans:bean id="loginInterceptor" class="com.bomshop.www.member.interceptor.LoginInterceptor"/>
	
	<beans:bean id="cookieInterceptor" class="com.bomshop.www.member.interceptor.CheckCookieInterceptor"/>
	<beans:bean id="adminInterceptor"
		class="com.bomshop.www.admin.interceptor.AdminInterceptor"/>
		
	<interceptors>
		<interceptor>
			<mapping path="/admin/*"/>
			<beans:ref bean="adminInterceptor"/>
		</interceptor>
	</interceptors>
	
	<interceptors>
		<interceptor>
			<mapping path="/**"/>
			<exclude-mapping path="/member/loginPost"/>
			<beans:ref bean="cookieInterceptor"/>
		</interceptor>
	
		<interceptor>
			<mapping path="/member/loginPost"/>
			<beans:ref bean="loginInterceptor"/>
		</interceptor>
	</interceptors>
	
	<interceptors>
		<interceptor>
			<mapping path="/seller/*"/>
			<beans:bean class="com.bomshop.www.seller.interceptor.CheckSellerInterceptor"/>
		</interceptor>
	</interceptors>
	
</beans:beans>
